Workbook

Sheet Dashboard
A1: Weekly pipeline dashboard
A2: ="As of "&TEXT(Tracker!$B$2,"dd-mmm-yy")
A4: Stage | B4: Units in stage (WIP) | C4: Blocked | D4: Late vs. SLA | E4: Avg days in stage | F4: Rework loops (sum)
A5: 1. Brief & Content | B5: =COUNTIF(Tracker!$E$5:$E$304,A5) | C5: =COUNTIFS(Tracker!$E$5:$E$304,A5,Tracker!$K$5:$K$304,"Blocked") | D5: =COUNTIFS(Tracker!$E$5:$E$304,A5,Tracker!$J$5:$J$304,">0") | E5: =IFERROR(AVERAGEIFS(Tracker!$I$5:$I$304,Tracker!$E$5:$E$304,A5),"") | F5: =SUMIFS(Tracker!$N$5:$N$304,Tracker!$E$5:$E$304,A5)
A6: 2. Script | B6: =COUNTIF(Tracker!$E$5:$E$304,A6) | C6: =COUNTIFS(Tracker!$E$5:$E$304,A6,Tracker!$K$5:$K$304,"Blocked") | D6: =COUNTIFS(Tracker!$E$5:$E$304,A6,Tracker!$J$5:$J$304,">0") | E6: =IFERROR(AVERAGEIFS(Tracker!$I$5:$I$304,Tracker!$E$5:$E$304,A6),"") | F6: =SUMIFS(Tracker!$N$5:$N$304,Tracker!$E$5:$E$304,A6)
A7: 3. Visual Assets | B7: =COUNTIF(Tracker!$E$5:$E$304,A7) | C7: =COUNTIFS(Tracker!$E$5:$E$304,A7,Tracker!$K$5:$K$304,"Blocked") | D7: =COUNTIFS(Tracker!$E$5:$E$304,A7,Tracker!$J$5:$J$304,">0") | E7: =IFERROR(AVERAGEIFS(Tracker!$I$5:$I$304,Tracker!$E$5:$E$304,A7),"") | F7: =SUMIFS(Tracker!$N$5:$N$304,Tracker!$E$5:$E$304,A7)
A8: 4. Motion | B8: =COUNTIF(Tracker!$E$5:$E$304,A8) | C8: =COUNTIFS(Tracker!$E$5:$E$304,A8,Tracker!$K$5:$K$304,"Blocked") | D8: =COUNTIFS(Tracker!$E$5:$E$304,A8,Tracker!$J$5:$J$304,">0") | E8: =IFERROR(AVERAGEIFS(Tracker!$I$5:$I$304,Tracker!$E$5:$E$304,A8),"") | F8: =SUMIFS(Tracker!$N$5:$N$304,Tracker!$E$5:$E$304,A8)
A9: 5. Final Video | B9: =COUNTIF(Tracker!$E$5:$E$304,A9) | C9: =COUNTIFS(Tracker!$E$5:$E$304,A9,Tracker!$K$5:$K$304,"Blocked") | D9: =COUNTIFS(Tracker!$E$5:$E$304,A9,Tracker!$J$5:$J$304,">0") | E9: =IFERROR(AVERAGEIFS(Tracker!$I$5:$I$304,Tracker!$E$5:$E$304,A9),"") | F9: =SUMIFS(Tracker!$N$5:$N$304,Tracker!$E$5:$E$304,A9)
A10: Done | B10: =COUNTIF(Tracker!$E$5:$E$304,A10) | C10: =COUNTIFS(Tracker!$E$5:$E$304,A10,Tracker!$K$5:$K$304,"Blocked") | D10: =COUNTIFS(Tracker!$E$5:$E$304,A10,Tracker!$J$5:$J$304,">0") | E10: =IFERROR(AVERAGEIFS(Tracker!$I$5:$I$304,Tracker!$E$5:$E$304,A10),"") | F10: =SUMIFS(Tracker!$N$5:$N$304,Tracker!$E$5:$E$304,A10)
A13: Weekly throughput vs. plan (target 30 finished videos / week)
A14: Week | B14: Week starting | C14: Target (cum.) | D14: Finished in week | E14: Finished (cum.) | F14: Gap vs. plan | G14: Required / week to hit 300
A15: 1 | B15: 46300 | C15: 30 | D15: =IF(B15>Tracker!$B$2,"",COUNTIFS(Tracker!$O$5:$O$304,">="&B15,Tracker!$O$5:$O$304,"<"&(B15+7))) | E15: =IF(B15>Tracker!$B$2,"",SUM($D$15:D15)) | F15: =IF(B15>Tracker!$B$2,"",E15-C15) | G15: =IF(OR(B15>Tracker!$B$2,A15=10),"",ROUND((300-E15)/(10-A15),1))
A16: 2 | B16: 46307 | C16: 60 | D16: =IF(B16>Tracker!$B$2,"",COUNTIFS(Tracker!$O$5:$O$304,">="&B16,Tracker!$O$5:$O$304,"<"&(B16+7))) | E16: =IF(B16>Tracker!$B$2,"",SUM($D$15:D16)) | F16: =IF(B16>Tracker!$B$2,"",E16-C16) | G16: =IF(OR(B16>Tracker!$B$2,A16=10),"",ROUND((300-E16)/(10-A16),1))
A17: 3 | B17: 46314 | C17: 90 | D17: =IF(B17>Tracker!$B$2,"",COUNTIFS(Tracker!$O$5:$O$304,">="&B17,Tracker!$O$5:$O$304,"<"&(B17+7))) | E17: =IF(B17>Tracker!$B$2,"",SUM($D$15:D17)) | F17: =IF(B17>Tracker!$B$2,"",E17-C17) | G17: =IF(OR(B17>Tracker!$B$2,A17=10),"",ROUND((300-E17)/(10-A17),1))
A18: 4 | B18: 46321 | C18: 120 | D18: =IF(B18>Tracker!$B$2,"",COUNTIFS(Tracker!$O$5:$O$304,">="&B18,Tracker!$O$5:$O$304,"<"&(B18+7))) | E18: =IF(B18>Tracker!$B$2,"",SUM($D$15:D18)) | F18: =IF(B18>Tracker!$B$2,"",E18-C18) | G18: =IF(OR(B18>Tracker!$B$2,A18=10),"",ROUND((300-E18)/(10-A18),1))
A19: 5 | B19: 46328 | C19: 150 | D19: =IF(B19>Tracker!$B$2,"",COUNTIFS(Tracker!$O$5:$O$304,">="&B19,Tracker!$O$5:$O$304,"<"&(B19+7))) | E19: =IF(B19>Tracker!$B$2,"",SUM($D$15:D19)) | F19: =IF(B19>Tracker!$B$2,"",E19-C19) | G19: =IF(OR(B19>Tracker!$B$2,A19=10),"",ROUND((300-E19)/(10-A19),1))
A20: 6 | B20: 46335 | C20: 180 | D20: =IF(B20>Tracker!$B$2,"",COUNTIFS(Tracker!$O$5:$O$304,">="&B20,Tracker!$O$5:$O$304,"<"&(B20+7))) | E20: =IF(B20>Tracker!$B$2,"",SUM($D$15:D20)) | F20: =IF(B20>Tracker!$B$2,"",E20-C20) | G20: =IF(OR(B20>Tracker!$B$2,A20=10),"",ROUND((300-E20)/(10-A20),1))
A21: 7 | B21: 46342 | C21: 210 | D21: =IF(B21>Tracker!$B$2,"",COUNTIFS(Tracker!$O$5:$O$304,">="&B21,Tracker!$O$5:$O$304,"<"&(B21+7))) | E21: =IF(B21>Tracker!$B$2,"",SUM($D$15:D21)) | F21: =IF(B21>Tracker!$B$2,"",E21-C21) | G21: =IF(OR(B21>Tracker!$B$2,A21=10),"",ROUND((300-E21)/(10-A21),1))
A22: 8 | B22: 46349 | C22: 240 | D22: =IF(B22>Tracker!$B$2,"",COUNTIFS(Tracker!$O$5:$O$304,">="&B22,Tracker!$O$5:$O$304,"<"&(B22+7))) | E22: =IF(B22>Tracker!$B$2,"",SUM($D$15:D22)) | F22: =IF(B22>Tracker!$B$2,"",E22-C22) | G22: =IF(OR(B22>Tracker!$B$2,A22=10),"",ROUND((300-E22)/(10-A22),1))
A23: 9 | B23: 46356 | C23: 270 | D23: =IF(B23>Tracker!$B$2,"",COUNTIFS(Tracker!$O$5:$O$304,">="&B23,Tracker!$O$5:$O$304,"<"&(B23+7))) | E23: =IF(B23>Tracker!$B$2,"",SUM($D$15:D23)) | F23: =IF(B23>Tracker!$B$2,"",E23-C23) | G23: =IF(OR(B23>Tracker!$B$2,A23=10),"",ROUND((300-E23)/(10-A23),1))
A24: 10 | B24: 46363 | C24: 300 | D24: =IF(B24>Tracker!$B$2,"",COUNTIFS(Tracker!$O$5:$O$304,">="&B24,Tracker!$O$5:$O$304,"<"&(B24+7))) | E24: =IF(B24>Tracker!$B$2,"",SUM($D$15:D24)) | F24: =IF(B24>Tracker!$B$2,"",E24-C24) | G24: =IF(OR(B24>Tracker!$B$2,A24=10),"",ROUND((300-E24)/(10-A24),1))
A27: Blocked units by reason and stage
A28: Blocker reason | B28: 1. Brief & Content | C28: 2. Script | D28: 3. Visual Assets | E28: 4. Motion | F28: 5. Final Video | G28: Total
A29: =Lists!D2 | B29: =COUNTIFS(Tracker!$E$5:$E$304,"1. Brief & Content",Tracker!$L$5:$L$304,$A29,Tracker!$K$5:$K$304,"Blocked") | C29: =COUNTIFS(Tracker!$E$5:$E$304,"2. Script",Tracker!$L$5:$L$304,$A29,Tracker!$K$5:$K$304,"Blocked") | D29: =COUNTIFS(Tracker!$E$5:$E$304,"3. Visual Assets",Tracker!$L$5:$L$304,$A29,Tracker!$K$5:$K$304,"Blocked") | E29: =COUNTIFS(Tracker!$E$5:$E$304,"4. Motion",Tracker!$L$5:$L$304,$A29,Tracker!$K$5:$K$304,"Blocked") | F29: =COUNTIFS(Tracker!$E$5:$E$304,"5. Final Video",Tracker!$L$5:$L$304,$A29,Tracker!$K$5:$K$304,"Blocked") | G29: =SUM(B29:F29)
A30: =Lists!D3 | B30: =COUNTIFS(Tracker!$E$5:$E$304,"1. Brief & Content",Tracker!$L$5:$L$304,$A30,Tracker!$K$5:$K$304,"Blocked") | C30: =COUNTIFS(Tracker!$E$5:$E$304,"2. Script",Tracker!$L$5:$L$304,$A30,Tracker!$K$5:$K$304,"Blocked") | D30: =COUNTIFS(Tracker!$E$5:$E$304,"3. Visual Assets",Tracker!$L$5:$L$304,$A30,Tracker!$K$5:$K$304,"Blocked") | E30: =COUNTIFS(Tracker!$E$5:$E$304,"4. Motion",Tracker!$L$5:$L$304,$A30,Tracker!$K$5:$K$304,"Blocked") | F30: =COUNTIFS(Tracker!$E$5:$E$304,"5. Final Video",Tracker!$L$5:$L$304,$A30,Tracker!$K$5:$K$304,"Blocked") | G30: =SUM(B30:F30)
A31: =Lists!D4 | B31: =COUNTIFS(Tracker!$E$5:$E$304,"1. Brief & Content",Tracker!$L$5:$L$304,$A31,Tracker!$K$5:$K$304,"Blocked") | C31: =COUNTIFS(Tracker!$E$5:$E$304,"2. Script",Tracker!$L$5:$L$304,$A31,Tracker!$K$5:$K$304,"Blocked") | D31: =COUNTIFS(Tracker!$E$5:$E$304,"3. Visual Assets",Tracker!$L$5:$L$304,$A31,Tracker!$K$5:$K$304,"Blocked") | E31: =COUNTIFS(Tracker!$E$5:$E$304,"4. Motion",Tracker!$L$5:$L$304,$A31,Tracker!$K$5:$K$304,"Blocked") | F31: =COUNTIFS(Tracker!$E$5:$E$304,"5. Final Video",Tracker!$L$5:$L$304,$A31,Tracker!$K$5:$K$304,"Blocked") | G31: =SUM(B31:F31)
A32: =Lists!D5 | B32: =COUNTIFS(Tracker!$E$5:$E$304,"1. Brief & Content",Tracker!$L$5:$L$304,$A32,Tracker!$K$5:$K$304,"Blocked") | C32: =COUNTIFS(Tracker!$E$5:$E$304,"2. Script",Tracker!$L$5:$L$304,$A32,Tracker!$K$5:$K$304,"Blocked") | D32: =COUNTIFS(Tracker!$E$5:$E$304,"3. Visual Assets",Tracker!$L$5:$L$304,$A32,Tracker!$K$5:$K$304,"Blocked") | E32: =COUNTIFS(Tracker!$E$5:$E$304,"4. Motion",Tracker!$L$5:$L$304,$A32,Tracker!$K$5:$K$304,"Blocked") | F32: =COUNTIFS(Tracker!$E$5:$E$304,"5. Final Video",Tracker!$L$5:$L$304,$A32,Tracker!$K$5:$K$304,"Blocked") | G32: =SUM(B32:F32)
A33: =Lists!D6 | B33: =COUNTIFS(Tracker!$E$5:$E$304,"1. Brief & Content",Tracker!$L$5:$L$304,$A33,Tracker!$K$5:$K$304,"Blocked") | C33: =COUNTIFS(Tracker!$E$5:$E$304,"2. Script",Tracker!$L$5:$L$304,$A33,Tracker!$K$5:$K$304,"Blocked") | D33: =COUNTIFS(Tracker!$E$5:$E$304,"3. Visual Assets",Tracker!$L$5:$L$304,$A33,Tracker!$K$5:$K$304,"Blocked") | E33: =COUNTIFS(Tracker!$E$5:$E$304,"4. Motion",Tracker!$L$5:$L$304,$A33,Tracker!$K$5:$K$304,"Blocked") | F33: =COUNTIFS(Tracker!$E$5:$E$304,"5. Final Video",Tracker!$L$5:$L$304,$A33,Tracker!$K$5:$K$304,"Blocked") | G33: =SUM(B33:F33)
A34: =Lists!D7 | B34: =COUNTIFS(Tracker!$E$5:$E$304,"1. Brief & Content",Tracker!$L$5:$L$304,$A34,Tracker!$K$5:$K$304,"Blocked") | C34: =COUNTIFS(Tracker!$E$5:$E$304,"2. Script",Tracker!$L$5:$L$304,$A34,Tracker!$K$5:$K$304,"Blocked") | D34: =COUNTIFS(Tracker!$E$5:$E$304,"3. Visual Assets",Tracker!$L$5:$L$304,$A34,Tracker!$K$5:$K$304,"Blocked") | E34: =COUNTIFS(Tracker!$E$5:$E$304,"4. Motion",Tracker!$L$5:$L$304,$A34,Tracker!$K$5:$K$304,"Blocked") | F34: =COUNTIFS(Tracker!$E$5:$E$304,"5. Final Video",Tracker!$L$5:$L$304,$A34,Tracker!$K$5:$K$304,"Blocked") | G34: =SUM(B34:F34)

Sheet Tracker
A1: Luca – content production master tracker (300 videos / 10 weeks)
A2: As-of date: | B2: 46304 | D2: Teal headers = the 5 key fields. One row per video. The stage owner updates their row every day before the 15-minute stand-up.
A4: Unit ID | B4: Subject | C4: Grade | D4: Tier (A/B/C) | E4: Stage | F4: Accountable owner | G4: Stage start date | H4: Stage due date (SLA) | I4: Days in stage | J4: Days late | K4: Status | L4: Blocker reason | M4: Blocked since | N4: Rework loops | O4: Done date | P4: Target ship week
A5: V-001 | B5: Math | C5: Primaria 6 | D5: B | E5: Done | F5: — | H5: =IF(OR(G5="",E5="Done"),"",G5+IFERROR(VLOOKUP(E5,Lists!$A$2:$B$6,2,FALSE),0)) | I5: =IF(OR(E5="",E5="Done",G5=""),"",$B$2-G5) | J5: =IF(OR(E5="",E5="Done",H5=""),"",MAX(0,$B$2-H5)) | K5: Done | N5: 1 | O5: 46304 | P5: 1
A6: V-002 | B6: Spanish | C6: Secundaria 3 | D6: A | E6: Done | F6: — | H6: =IF(OR(G6="",E6="Done"),"",G6+IFERROR(VLOOKUP(E6,Lists!$A$2:$B$6,2,FALSE),0)) | I6: =IF(OR(E6="",E6="Done",G6=""),"",$B$2-G6) | J6: =IF(OR(E6="",E6="Done",H6=""),"",MAX(0,$B$2-H6)) | K6: Done | N6: 2 | O6: 46304 | P6: 1
A7: V-003 | B7: Science | C7: Primaria 4 | D7: A | E7: Done | F7: — | H7: =IF(OR(G7="",E7="Done"),"",G7+IFERROR(VLOOKUP(E7,Lists!$A$2:$B$6,2,FALSE),0)) | I7: =IF(OR(E7="",E7="Done",G7=""),"",$B$2-G7) | J7: =IF(OR(E7="",E7="Done",H7=""),"",MAX(0,$B$2-H7)) | K7: Done | N7: 1 | O7: 46303 | P7: 1
A8: V-004 | B8: History | C8: Primaria 2 | D8: B | E8: Done | F8: — | H8: =IF(OR(G8="",E8="Done"),"",G8+IFERROR(VLOOKUP(E8,Lists!$A$2:$B$6,2,FALSE),0)) | I8: =IF(OR(E8="",E8="Done",G8=""),"",$B$2-G8) | J8: =IF(OR(E8="",E8="Done",H8=""),"",MAX(0,$B$2-H8)) | K8: Done | N8: 1 | O8: 46303 | P8: 1
A9: V-005 | B9: English | C9: Primaria 2 | D9: B | E9: Done | F9: — | H9: =IF(OR(G9="",E9="Done"),"",G9+IFERROR(VLOOKUP(E9,Lists!$A$2:$B$6,2,FALSE),0)) | I9: =IF(OR(E9="",E9="Done",G9=""),"",$B$2-G9) | J9: =IF(OR(E9="",E9="Done",H9=""),"",MAX(0,$B$2-H9)) | K9: Done | N9: 1 | O9: 46303 | P9: 1
A10: V-006 | B10: Geography | C10: Primaria 4 | D10: A | E10: 5. Final Video | F10: Synthesia Specialist 1 | G10: 46303 | H10: =IF(OR(G10="",E10="Done"),"",G10+IFERROR(VLOOKUP(E10,Lists!$A$2:$B$6,2,FALSE),0)) | I10: =IF(OR(E10="",E10="Done",G10=""),"",$B$2-G10) | J10: =IF(OR(E10="",E10="Done",H10=""),"",MAX(0,$B$2-H10)) | K10: Blocked | L10: Audio / video sync | M10: 46304 | N10: 0 | P10: 1
A11: V-007 | B11: Civics | C11: Secundaria 3 | D11: A | E11: 5. Final Video | F11: Sound Editor 1 | G11: 46303 | H11: =IF(OR(G11="",E11="Done"),"",G11+IFERROR(VLOOKUP(E11,Lists!$A$2:$B$6,2,FALSE),0)) | I11: =IF(OR(E11="",E11="Done",G11=""),"",$B$2-G11) | J11: =IF(OR(E11="",E11="Done",H11=""),"",MAX(0,$B$2-H11)) | K11: Blocked | L11: Audio / video sync | M11: 46304 | N11: 0 | P11: 1
A12: V-008 | B12: Math | C12: Primaria 4 | D12: B | E12: 5. Final Video | F12: Synthesia Specialist 1 | G12: 46303 | H12: =IF(OR(G12="",E12="Done"),"",G12+IFERROR(VLOOKUP(E12,Lists!$A$2:$B$6,2,FALSE),0)) | I12: =IF(OR(E12="",E12="Done",G12=""),"",$B$2-G12) | J12: =IF(OR(E12="",E12="Done",H12=""),"",MAX(0,$B$2-H12)) | K12: Blocked | L12: Audio / video sync | M12: 46304 | N12: 1 | P12: 1
A13: V-009 | B13: Spanish | C13: Primaria 1 | D13: B | E13: 4. Motion | F13: Motion Designer 2 | G13: 46301 | H13: =IF(OR(G13="",E13="Done"),"",G13+IFERROR(VLOOKUP(E13,Lists!$A$2:$B$6,2,FALSE),0)) | I13: =IF(OR(E13="",E13="Done",G13=""),"",$B$2-G13) | J13: =IF(OR(E13="",E13="Done",H13=""),"",MAX(0,$B$2-H13)) | K13: Blocked | L13: Change request after lock | M13: 46302 | N13: 1 | P13: 1
A14: V-010 | B14: Science | C14: Secundaria 2 | D14: C | E14: 4. Motion | F14: Motion Designer 2 | G14: 46302 | H14: =IF(OR(G14="",E14="Done"),"",G14+IFERROR(VLOOKUP(E14,Lists!$A$2:$B$6,2,FALSE),0)) | I14: =IF(OR(E14="",E14="Done",G14=""),"",$B$2-G14) | J14: =IF(OR(E14="",E14="Done",H14=""),"",MAX(0,$B$2-H14)) | K14: Blocked | L14: Change request after lock | M14: 46303 | N14: 0 | P14: 1
A15: V-011 | B15: History | C15: Primaria 4 | D15: A | E15: 4. Motion | F15: Motion Designer 2 | G15: 46301 | H15: =IF(OR(G15="",E15="Done"),"",G15+IFERROR(VLOOKUP(E15,Lists!$A$2:$B$6,2,FALSE),0)) | I15: =IF(OR(E15="",E15="Done",G15=""),"",$B$2-G15) | J15: =IF(OR(E15="",E15="Done",H15=""),"",MAX(0,$B$2-H15)) | K15: Blocked | L15: Change request after lock | M15: 46302 | N15: 1 | P15: 1
A16: V-012 | B16: English | C16: Secundaria 2 | D16: B | E16: 4. Motion | F16: Motion Designer 1 | G16: 46301 | H16: =IF(OR(G16="",E16="Done"),"",G16+IFERROR(VLOOKUP(E16,Lists!$A$2:$B$6,2,FALSE),0)) | I16: =IF(OR(E16="",E16="Done",G16=""),"",$B$2-G16) | J16: =IF(OR(E16="",E16="Done",H16=""),"",MAX(0,$B$2-H16)) | K16: Blocked | L16: Change request after lock | M16: 46302 | N16: 0 | P16: 1
A17: V-013 | B17: Geography | C17: Primaria 6 | D17: B | E17: 4. Motion | F17: Motion Designer 2 | G17: 46302 | H17: =IF(OR(G17="",E17="Done"),"",G17+IFERROR(VLOOKUP(E17,Lists!$A$2:$B$6,2,FALSE),0)) | I17: =IF(OR(E17="",E17="Done",G17=""),"",$B$2-G17) | J17: =IF(OR(E17="",E17="Done",H17=""),"",MAX(0,$B$2-H17)) | K17: Blocked | L17: Change request after lock | M17: 46303 | N17: 1 | P17: 1
A18: V-014 | B18: Civics | C18: Primaria 2 | D18: B | E18: 4. Motion | F18: Motion Designer 2 | G18: 46301 | H18: =IF(OR(G18="",E18="Done"),"",G18+IFERROR(VLOOKUP(E18,Lists!$A$2:$B$6,2,FALSE),0)) | I18: =IF(OR(E18="",E18="Done",G18=""),"",$B$2-G18) | J18: =IF(OR(E18="",E18="Done",H18=""),"",MAX(0,$B$2-H18)) | K18: Blocked | L18: Change request after lock | M18: 46302 | N18: 1 | P18: 1
A19: V-015 | B19: Math | C19: Secundaria 2 | D19: C | E19: 4. Motion | F19: Motion Designer 1 | G19: 46301 | H19: =IF(OR(G19="",E19="Done"),"",G19+IFERROR(VLOOKUP(E19,Lists!$A$2:$B$6,2,FALSE),0)) | I19: =IF(OR(E19="",E19="Done",G19=""),"",$B$2-G19) | J19: =IF(OR(E19="",E19="Done",H19=""),"",MAX(0,$B$2-H19)) | K19: Blocked | L19: Change request after lock | M19: 46302 | N19: 1 | P19: 1
A20: V-016 | B20: Spanish | C20: Primaria 2 | D20: A | E20: 3. Visual Assets | F20: Graphic Designer 2 | G20: 46302 | H20: =IF(OR(G20="",E20="Done"),"",G20+IFERROR(VLOOKUP(E20,Lists!$A$2:$B$6,2,FALSE),0)) | I20: =IF(OR(E20="",E20="Done",G20=""),"",$B$2-G20) | J20: =IF(OR(E20="",E20="Done",H20=""),"",MAX(0,$B$2-H20)) | K20: Blocked | L20: Waiting for input from previous stage | M20: 46303 | N20: 1 | P20: 1
A21: V-017 | B21: Science | C21: Secundaria 1 | D21: B | E21: 3. Visual Assets | F21: Graphic Designer 1 | G21: 46302 | H21: =IF(OR(G21="",E21="Done"),"",G21+IFERROR(VLOOKUP(E21,Lists!$A$2:$B$6,2,FALSE),0)) | I21: =IF(OR(E21="",E21="Done",G21=""),"",$B$2-G21) | J21: =IF(OR(E21="",E21="Done",H21=""),"",MAX(0,$B$2-H21)) | K21: Blocked | L21: Waiting for input from previous stage | M21: 46303 | N21: 0 | P21: 1
... A39: V-035 | B39: Civics | C39: Secundaria 3 | D39: B | E39: 2. Script | F39: Scriptwriter 1 | G39: 46301 | H39: =IF(OR(G39="",E39="Done"),"",G39+IFERROR(VLOOKUP(E39,Lists!$A$2:$B$6,2,FALSE),0)) | I39: =IF(OR(E39="",E39="Done",G39=""),"",$B$2-G39) | J39: =IF(OR(E39="",E39="Done",H39=""),"",MAX(0,$B$2-H39)) | K39: Blocked | L39: Content misalignment / rework | M39: 46302 | N39: 2 | P39: 2
A40: V-036 | H40: =IF(OR(G40="",E40="Done"),"",G40+IFERROR(VLOOKUP(E40,Lists!$A$2:$B$6,2,FALSE),0)) | I40: =IF(OR(E40="",E40="Done",G40=""),"",$B$2-G40) | J40: =IF(OR(E40="",E40="Done",H40=""),"",MAX(0,$B$2-H40)) | K40: Not started | N40: 0 | P40: 2
A41: V-037 | H41: =IF(OR(G41="",E41="Done"),"",G41+IFERROR(VLOOKUP(E41,Lists!$A$2:$B$6,2,FALSE),0)) | I41: =IF(OR(E41="",E41="Done",G41=""),"",$B$2-G41) | J41: =IF(OR(E41="",E41="Done",H41=""),"",MAX(0,$B$2-H41)) | K41: Not started | N41: 0 | P41: 2
A42: V-038 | H42: =IF(OR(G42="",E42="Done"),"",G42+IFERROR(VLOOKUP(E42,Lists!$A$2:$B$6,2,FALSE),0)) | I42: =IF(OR(E42="",E42="Done",G42=""),"",$B$2-G42) | J42: =IF(OR(E42="",E42="Done",H42=""),"",MAX(0,$B$2-H42)) | K42: Not started | N42: 0 | P42: 2
A43: V-039 | H43: =IF(OR(G43="",E43="Done"),"",G43+IFERROR(VLOOKUP(E43,Lists!$A$2:$B$6,2,FALSE),0)) | I43: =IF(OR(E43="",E43="Done",G43=""),"",$B$2-G43) | J43: =IF(OR(E43="",E43="Done",H43=""),"",MAX(0,$B$2-H43)) | K43: Not started | N43: 0 | P43: 2
A44: V-040 | H44: =IF(OR(G44="",E44="Done"),"",G44+IFERROR(VLOOKUP(E44,Lists!$A$2:$B$6,2,FALSE),0)) | I44: =IF(OR(E44="",E44="Done",G44=""),"",$B$2-G44) | J44: =IF(OR(E44="",E44="Done",H44=""),"",MAX(0,$B$2-H44)) | K44: Not started | N44: 0 | P44: 2
A45: V-041 | H45: =IF(OR(G45="",E45="Done"),"",G45+IFERROR(VLOOKUP(E45,Lists!$A$2:$B$6,2,FALSE),0)) | I45: =IF(OR(E45="",E45="Done",G45=""),"",$B$2-G45) | J45: =IF(OR(E45="",E45="Done",H45=""),"",MAX(0,$B$2-H45)) | K45: Not started | N45: 0 | P45: 2
A46: V-042 | H46: =IF(OR(G46="",E46="Done"),"",G46+IFERROR(VLOOKUP(E46,Lists!$A$2:$B$6,2,FALSE),0)) | I46: =IF(OR(E46="",E46="Done",G46=""),"",$B$2-G46) | J46: =IF(OR(E46="",E46="Done",H46=""),"",MAX(0,$B$2-H46)) | K46: Not started | N46: 0 | P46: 2
A47: V-043 | H47: =IF(OR(G47="",E47="Done"),"",G47+IFERROR(VLOOKUP(E47,Lists!$A$2:$B$6,2,FALSE),0)) | I47: =IF(OR(E47="",E47="Done",G47=""),"",$B$2-G47) | J47: =IF(OR(E47="",E47="Done",H47=""),"",MAX(0,$B$2-H47)) | K47: Not started | N47: 0 | P47: 2
A48: V-044 | H48: =IF(OR(G48="",E48="Done"),"",G48+IFERROR(VLOOKUP(E48,Lists!$A$2:$B$6,2,FALSE),0)) | I48: =IF(OR(E48="",E48="Done",G48=""),"",$B$2-G48) | J48: =IF(OR(E48="",E48="Done",H48=""),"",MAX(0,$B$2-H48)) | K48: Not started | N48: 0 | P48: 2
A49: V-045 | H49: =IF(OR(G49="",E49="Done"),"",G49+IFERROR(VLOOKUP(E49,Lists!$A$2:$B$6,2,FALSE),0)) | I49: =IF(OR(E49="",E49="Done",G49=""),"",$B$2-G49) | J49: =IF(OR(E49="",E49="Done",H49=""),"",MAX(0,$B$2-H49)) | K49: Not started | N49: 0 | P49: 2
A50: V-046 | H50: =IF(OR(G50="",E50="Done"),"",G50+IFERROR(VLOOKUP(E50,Lists!$A$2:$B$6,2,FALSE),0)) | I50: =IF(OR(E50="",E50="Done",G50=""),"",$B$2-G50) | J50: =IF(OR(E50="",E50="Done",H50=""),"",MAX(0,$B$2-H50)) | K50: Not started | N50: 0 | P50: 2
A51: V-047 | H51: =IF(OR(G51="",E51="Done"),"",G51+IFERROR(VLOOKUP(E51,Lists!$A$2:$B$6,2,FALSE),0)) | I51: =IF(OR(E51="",E51="Done",G51=""),"",$B$2-G51) | J51: =IF(OR(E51="",E51="Done",H51=""),"",MAX(0,$B$2-H51)) | K51: Not started | N51: 0 | P51: 2
... A304: V-300 | H304: =IF(OR(G304="",E304="Done"),"",G304+IFERROR(VLOOKUP(E304,Lists!$A$2:$B$6,2,FALSE),0)) | I304: =IF(OR(E304="",E304="Done",G304=""),"",$B$2-G304) | J304: =IF(OR(E304="",E304="Done",H304=""),"",MAX(0,$B$2-H304)) | K304: Not started | N304: 0 | P304: 10

Sheet Lists
A1: Stage | B1: SLA (days) | D1: Blocker reasons
A2: 1. Brief & Content | B2: 1 | D2: Content misalignment / rework
A3: 2. Script | B3: 2 | D3: Waiting for input from previous stage
A4: 3. Visual Assets | B4: 1 | D4: Change request after lock
A5: 4. Motion | B5: 2 | D5: Audio / video sync
A6: 5. Final Video | B6: 2 | D6: Capacity / not started
D7: Tool / technical issue
